Workbook

Sheet 将池品质对照
A1: 武将名称 | B1: 原分区 | C1: 新品质
A2: 司马徽 | B2: 祈福SSS | C2: 传说
A3: 兀突骨 | B3: 祈福SSS | C3: 史诗
A4: 庞德公 | B4: 祈福SSS | C4: 史诗
A5: 王烈 | B5: 祈福SSS | C5: 史诗
A6: 沙摩柯 | B6: 祈福SSS | C6: 稀有
A7: 陆郁生 | B7: 祈福SSS | C7: 稀有
A8: 关索 | B8: 限定SSS | C8: 限定
A9: 赵襄 | B9: 限定SSS | C9: 限定
A10: 鲍三娘 | B10: 限定SSS | C10: 限定
A11: 徐荣 | B11: 限定SSS | C11: 限定
A12: 曹婴 | B12: 限定SSS | C12: 限定
... A230: 何太后 | B230: S武将池 | C230: 稀有

Sheet Sheet1
A1: ConfID | B1: DropItemID | C1: DropItemName | D1: DropGroupID | E1: DropItemType | F1: DropChance
A2: int32 | B2: int32 | C2: string | D2: int32 | E2: DropItemTyp | F2: int32
A3: RepeatCheck:true MakeIndex:true OutTags:"c" | F3: ServerOnly:true OutTags:"s"
A4: 唯一ID | B4: 掉落道具ID | C4: 掉落道具名称 | D4: 掉落组ID | E4: 包含掉落组ID类型 | F4: 掉落相对概率
A5: 7794 | B5: 601 | C5: 祈福SSS武将池 | D5: 23 | E5: 掉落组 | F5: 60
A6: 7795 | B6: 602 | C6: 限定SSS武将池 | D6: 23 | E6: 掉落组 | F6: 380
A7: 7796 | B7: 603 | C7: 高级SS武将池 | D7: 23 | E7: 掉落组 | F7: 5500
A8: 7797 | B8: 604 | C8: SS级武将池 | D8: 23 | E8: 掉落组 | F8: 14500
A9: 7798 | B9: 605 | C9: S级武将池 | D9: 23 | E9: 掉落组 | F9: 45000
A10: 7799 | B10: 405140 | C10: 司马徽 | D10: 601 | E10: 道具 | F10: 20970 | G10: =VLOOKUP(C10,将池品质对照!A:C,3,0) -> 传说
A11: 7800 | B11: 405150 | C11: 鲍三娘 | D11: 601 | E11: 道具 | F11: 15350 | G11: =VLOOKUP(C11,将池品质对照!A:C,3,0) -> 限定
A12: 7801 | B12: 405000 | C12: 关索 | D12: 601 | E12: 道具 | F12: 15850 | G12: =VLOOKUP(C12,将池品质对照!A:C,3,0) -> 限定
A13: 7802 | B13: 405160 | C13: 徐荣 | D13: 601 | E13: 道具 | F13: 4590 | G13: =VLOOKUP(C13,将池品质对照!A:C,3,0) -> 限定
A14: 7803 | B14: 405010 | C14: 赵襄 | D14: 601 | E14: 道具 | F14: 2480 | G14: =VLOOKUP(C14,将池品质对照!A:C,3,0) -> 限定
A15: 7804 | B15: 405180 | C15: 曹婴 | D15: 601 | E15: 道具 | F15: 5610 | G15: =VLOOKUP(C15,将池品质对照!A:C,3,0) -> 限定
A16: 7805 | B16: 407040 | C16: 张琪瑛 | D16: 601 | E16: 道具 | F16: 12550 | G16: =VLOOKUP(C16,将池品质对照!A:C,3,0) -> 限定
A17: 7806 | B17: 405050 | C17: 程昱 | D17: 601 | E17: 道具 | F17: 15850 | G17: =VLOOKUP(C17,将池品质对照!A:C,3,0) -> #N/A
A18: 7807 | B18: 405200 | C18: 曹纯 | D18: 601 | E18: 道具 | F18: 6750 | G18: =VLOOKUP(C18,将池品质对照!A:C,3,0) -> 限定
A19: 7808 | B19: 405090 | C19: 兀突骨 | D19: 602 | E19: 道具 | F19: 2160 | G19: =VLOOKUP(C19,将池品质对照!A:C,3,0) -> 史诗
A20: 7809 | B20: 405030 | C20: 孙皓 | D20: 602 | E20: 道具 | F20: 5410 | G20: =VLOOKUP(C20,将池品质对照!A:C,3,0) -> #N/A
A21: 7810 | B21: 405060 | C21: 陈琳 | D21: 602 | E21: 道具 | F21: 1210 | G21: =VLOOKUP(C21,将池品质对照!A:C,3,0) -> #N/A
... A286: 8075 | B286: 420820 | C286: 卞夫人 | D286: 605 | E286: 道具 | F286: 100 | G286: =VLOOKUP(C286,将池品质对照!A:C,3,0) -> 稀有

Sheet Sheet2
C2: 将星招募概率一览
C4: 道具 | D4: 概率
C5: 祈福武将池 | D5: 0.001
C6: 传说及史诗武将池 | D6: 0.005
C7: 史诗稀有武将池 | D7: 0.0667
C8: 稀有一武将池 | D8: 0.2
C9: 稀有二武将池 | D9: 0.7273

Sheet 统计
A1: 原分区 | B1: 人数
A2: 祈福SSS | B2: 6
A3: 限定SSS | B3: 8
A4: 限定(高级) | B4: 6
A5: 限定(普通) | B5: 7
A6: 活动武将池 | B6: 51
A7: SS武将池 | B7: 72
A8: S武将池 | B8: 79
A9: 合计 | B9: 229
